Gender,Married,Dependents,Education,Self_Employed,Loan_Amount_Term,Credit_History,Property_Area,Loan_Status,ApplicantIncome_log,CoapplicantIncome_log,LoanAmount_log,Total_Income_log
Male,No,0,Graduate,No,360.0,0.0,Rural,N,8.79133399330135,0.0,3.258096538021482,8.79133399330135
Female,No,0,Graduate,No,360.0,1.0,Rural,Y,9.22276289197474,0.0,2.9444389791664403,9.22276289197474
Male,Yes,2,Not Graduate,No,360.0,1.0,Semiurban,Y,7.62657020629066,7.633369649679584,2.302585092994046,8.322880021769905
Male,Yes,0,Graduate,No,360.0,1.0,Urban,Y,7.749753406274437,7.814803429489359,2.302585092994046,8.475746001502063
Male,No,0,Graduate,No,360.0,1.0,Rural,Y,8.910720661951359,0.0,2.833213344056216,8.910720661951359
Male,No,0,Graduate,No,480.0,1.0,Urban,Y,8.462948176563842,0.0,2.302585092994046,8.462948176563842
Male,Yes,1,Not Graduate,No,360.0,1.0,Semiurban,Y,8.631057447565285,5.75890177387728,2.302585092994046,8.685922794690725
Female,Yes,0,Graduate,No,360.0,1.0,Semiurban,Y,8.504513138258863,7.039660349862076,2.302585092994046,8.712266432135355
Male,Yes,2,Graduate,No,360.0,0.0,Urban,N,8.534443544822764,7.81762544305337,2.833213344056216,8.931948346431493
Male,Yes,0,Not Graduate,No,360.0,1.0,Semiurban,Y,7.504391559161238,6.813444599510896,2.302585092994046,7.9102237070973445
Male,Yes,3+,Not Graduate,No,360.0,1.0,Urban,Y,8.928507824313293,7.541683099882111,2.4849066497880004,9.151439264056021
Female,Yes,0,Not Graduate,Yes,360.0,0.0,Semiurban,N,9.001839097398843,7.813187267521416,2.302585092994046,9.267665438595452
Female,Yes,2,Not Graduate,No,360.0,1.0,Rural,Y,8.162516250140179,7.260522598089852,2.5649493574615367,8.502891406705379
Male,No,2,Graduate,No,360.0,1.0,Urban,Y,8.27410200229233,0.0,2.5649493574615367,8.27410200229233
Male,Yes,2,Graduate,No,360.0,1.0,Rural,Y,7.381501894506707,6.826545223556594,2.302585092994046,7.834788107388194
Male,Yes,2,Graduate,No,360.0,1.0,Urban,Y,8.608677881538416,7.355641102974253,2.772588722239781,8.85978949474541
Male,No,2,Not Graduate,No,360.0,0.0,Semiurban,N,8.643297068211963,0.0,3.091042453358316,8.643297068211963
Male,No,1,Graduate,No,360.0,0.0,Urban,N,8.262816937670928,0.0,2.4849066497880004,8.262816937670928
Male,Yes,0,Graduate,No,60.0,1.0,Rural,Y,8.974618038455112,7.090076835776092,2.6390573296152584,9.11591979635669
Male,Yes,0,Graduate,No,360.0,0.0,Rural,N,8.099554282376364,7.65728279297819,2.302585092994046,8.5956346177228
Male,Yes,3+,Graduate,Yes,360.0,1.0,Semiurban,Y,8.638879709672837,8.000349495324684,2.772588722239781,9.062768007509048
Male,Yes,1,Graduate,No,480.0,1.0,Rural,Y,7.688455356549944,6.066108090103747,2.302585092994046,7.868254265520612
Male,Yes,2,Not Graduate,Yes,360.0,1.0,Semiurban,Y,8.286017468404763,8.311398278436641,2.302585092994046,8.991811158212718
Male,Yes,0,Not Graduate,No,360.0,1.0,Rural,Y,8.195609567288775,7.264730177929867,2.302585092994046,8.527737405291909
Male,Yes,0,Graduate,No,360.0,1.0,Rural,Y,8.435332164935916,7.798112628829788,2.772588722239781,8.859647499714997
Male,Yes,0,Graduate,No,180.0,1.0,Rural,Y,8.07837810362652,8.338305731356565,2.4849066497880004,8.909775673693389
Male,Yes,1,Graduate,No,360.0,1.0,Semiurban,Y,8.22121009392507,6.541029999189903,2.302585092994046,8.39185670010494
Male,Yes,0,Graduate,No,360.0,1.0,Urban,Y,8.795733605950735,7.00397413672268,3.258096538021482,8.949754525186103
Male,Yes,0,Not Graduate,No,360.0,0.0,Semiurban,N,8.038189179973203,7.298445101508147,2.302585092994046,8.428143374582726
Male,Yes,0,Graduate,No,84.0,1.0,Urban,Y,7.336285660021297,6.951772164398911,2.302585092994046,7.8551570058813445
Male,Yes,0,Graduate,No,360.0,0.0,Semiurban,N,9.34975442775886,8.714567550836485,3.58351893845611,9.774858409938947
Male,No,1,Not Graduate,No,360.0,1.0,Semiurban,Y,9.128913373280454,0.0,3.4339872044851463,9.128913373280454
Male,Yes,0,Graduate,No,180.0,0.0,Semiurban,N,7.5251007461258,7.111512116496157,2.302585092994046,8.0323601479245
Female,No,2,Graduate,No,360.0,1.0,Urban,Y,8.713910628493924,0.0,2.302585092994046,8.713910628493924
Female,No,0,Graduate,No,360.0,1.0,Urban,Y,7.998335395952982,0.0,2.3978952727983707,7.998335395952982
Female,Yes,0,Graduate,No,360.0,1.0,Semiurban,Y,8.458292083496076,7.223295679562314,2.302585092994046,8.713417653379183
Male,Yes,0,Graduate,No,360.0,1.0,Rural,Y,8.476579508530941,7.722234744709607,2.70805020110221,8.861917004235215
Male,Yes,0,Graduate,No,180.0,0.0,Semiurban,N,8.159374736775426,7.267525427828172,2.3978952727983707,8.502688505213357
Male,Yes,0,Graduate,No,360.0,1.0,Semiurban,Y,7.83002808253384,7.434847875211999,2.302585092994046,8.344742754417545
Male,No,0,Not Graduate,No,360.0,1.0,Rural,Y,7.88570539124302,0.0,2.302585092994046,7.88570539124302
Male,Yes,1,Graduate,No,360.0,0.0,Semiurban,N,7.750614732770409,6.440946540632921,2.302585092994046,7.989221408815276
Male,Yes,0,Graduate,No,360.0,1.0,Urban,Y,7.8009820712577405,7.725330037917135,2.302585092994046,8.456806041401142
Male,Yes,1,Graduate,No,60.0,1.0,Semiurban,Y,8.259716961021523,8.728587995695898,2.302585092994046,9.214431989879436
Female,Yes,2,Graduate,No,360.0,1.0,Urban,Y,7.870547844507712,7.513163545234075,2.302585092994046,8.400659375160286
Male,Yes,2,Graduate,No,360.0,1.0,Rural,Y,8.70930004894499,7.6577552711348655,2.6390573296152584,9.008835995765454
Male,Yes,0,Graduate,No,360.0,1.0,Urban,Y,9.19238004659919,7.98514393119862,3.5553480614894135,9.453913804801902
Male,Yes,0,Graduate,No,180.0,1.0,Semiurban,Y,7.952263308657046,6.612041034833092,2.302585092994046,8.184513753033722
Male,No,0,Not Graduate,No,360.0,1.0,Urban,N,8.443761913330354,0.0,2.302585092994046,8.443761913330354
Male,Yes,0,Graduate,No,360.0,1.0,Urban,Y,8.599878558034845,7.642044402873258,2.9444389791664403,8.924523226133914
Male,Yes,3+,Graduate,Yes,360.0,1.0,Rural,Y,8.583355393669907,8.64241515616962,2.5649493574615367,9.306377560173125
Female,Yes,0,Not Graduate,No,360.0,1.0,Urban,Y,8.345692873253865,6.9874902470009905,2.302585092994046,8.574329382787045
Male,Yes,0,Graduate,No,360.0,0.0,Urban,N,8.745761999375512,8.772765209949785,2.9444389791664403,9.452423433109788
Female,Yes,1,Graduate,No,360.0,0.0,Semiurban,N,8.589513852995864,8.042699496897637,2.5649493574615367,9.046055177668327
Female,Yes,1,Graduate,No,360.0,1.0,Urban,Y,7.557472901614746,7.887208585813932,2.302585092994046,8.428799040653642
Male,Yes,0,Graduate,Yes,360.0,0.0,Urban,N,8.821584877430965,7.6638772587034705,2.70805020110221,9.094705028377257
Female,Yes,0,Graduate,No,360.0,1.0,Rural,Y,8.832441791585824,7.326465613840322,3.1780538303479458,9.03264808356589
Male,Yes,0,Graduate,No,300.0,1.0,Rural,Y,7.842278779117352,8.340456012916183,2.302585092994046,8.815073088844464
Male,No,0,Not Graduate,No,360.0,1.0,Rural,Y,8.322880021769905,0.0,2.302585092994046,8.322880021769905
Male,Yes,0,Graduate,No,36.0,1.0,Rural,Y,8.710124927322207,6.124683390894205,2.302585092994046,8.782629654920697
Male,Yes,0,Graduate,No,360.0,1.0,Semiurban,Y,8.174421152646497,6.71901315438526,2.5649493574615367,8.383890344101818
Male,Yes,0,Graduate,No,360.0,0.0,Urban,N,8.94389780251682,7.370230641807081,3.091042453358316,9.13216259091216
Male,No,0,Graduate,No,480.0,1.0,Rural,Y,9.718362068409439,0.0,3.8918202981106265,9.718362068409439
Female,Yes,0,Graduate,No,360.0,1.0,Rural,N,7.828436359157585,7.460490305825338,2.302585092994046,8.354203562921775
Male,Yes,0,Graduate,No,360.0,1.0,Rural,Y,7.471932078245122,8.353497098745448,2.302585092994046,8.699848026000312
Male,No,0,Not Graduate,No,36.0,1.0,Semiurban,Y,8.482394685873542,0.0,2.70805020110221,8.482394685873542
Male,No,1,Graduate,Yes,360.0,1.0,Urban,Y,8.73294952429643,0.0,2.302585092994046,8.73294952429643
Male,No,2,Graduate,No,360.0,1.0,Rural,Y,8.161660452056282,0.0,2.302585092994046,8.161660452056282
Female,Yes,0,Graduate,No,360.0,1.0,Rural,Y,9.172015257654515,8.032035314398824,3.5553480614894135,9.44943600950432
Male,Yes,0,Graduate,No,360.0,1.0,Rural,Y,7.497207223203318,7.4342573821331355,2.302585092994046,8.159088654667912
Female,No,0,Not Graduate,No,360.0,1.0,Urban,Y,8.715880102296456,0.0,3.1780538303479458,8.715880102296456
Male,No,1,Not Graduate,No,360.0,1.0,Urban,Y,7.936660155225426,0.0,2.302585092994046,7.936660155225426
Male,Yes,1,Graduate,No,360.0,0.0,Urban,N,9.331672657143708,8.395703293828527,3.4339872044851463,9.662498208076329
Male,Yes,0,Graduate,Yes,360.0,1.0,Rural,Y,9.495519314209846,8.229244416735913,2.995732273553991,9.743788173778453
Female,Yes,3+,Graduate,No,360.0,1.0,Urban,Y,7.840312983320164,7.908754738783246,2.302585092994046,8.568076401730806
Male,No,0,Not Graduate,No,360.0,1.0,Urban,Y,7.970394907191429,0.0,2.3978952727983707,7.970394907191429
Male,Yes,0,Graduate,No,360.0,1.0,Rural,Y,8.815815203906352,7.906178840394815,2.3978952727983707,9.154087430425385
Male,Yes,1,Graduate,No,360.0,0.0,Urban,N,8.06777619577889,7.005789019253503,2.3978952727983707,8.36450810375059
Male,Yes,2,Graduate,Yes,360.0,1.0,Rural,Y,8.272826003650401,8.098946748943339,2.302585092994046,8.882669291308039
Male,Yes,1,Graduate,No,360.0,1.0,Semiurban,Y,8.315321775377567,8.654691704601872,2.302585092994046,9.19238004659919
Male,Yes,2,Graduate,No,360.0,1.0,Rural,Y,7.148345743900068,8.249575150000199,2.302585092994046,8.536407410340042
Female,Yes,0,Graduate,No,360.0,1.0,Semiurban,Y,8.291797105048733,6.98933526597456,2.302585092994046,8.532081803909987
Male,Yes,2,Graduate,No,480.0,1.0,Rural,Y,7.886457270977689,7.753194269884341,2.3978952727983707,8.514990767861038
Male,Yes,0,Not Graduate,No,360.0,1.0,Rural,Y,8.004365564979574,6.595780513961311,2.302585092994046,8.22282213081366
Male,Yes,2,Graduate,No,360.0,1.0,Urban,Y,9.166179476190413,7.90100705199242,2.833213344056216,9.414668009032752
Male,Yes,0,Graduate,No,360.0,1.0,Urban,Y,7.546446273746024,7.8156105320351905,2.302585092994046,8.382975849296429
Male,Yes,2,Graduate,No,360.0,1.0,Urban,Y,8.7879833961978,6.192362489474872,2.772588722239781,8.85978949474541
Male,Yes,0,Graduate,No,480.0,1.0,Semiurban,Y,8.132706489693264,6.687108607866515,2.302585092994046,8.344029572407049
Male,Yes,1,Graduate,No,360.0,1.0,Rural,Y,8.132412674500905,7.301822342137932,2.302585092994046,8.493924564476883
Female,Yes,0,Graduate,Yes,360.0,1.0,Semiurban,Y,8.774312958285378,7.289610521451167,2.70805020110221,8.978408314628894
Male,Yes,0,Graduate,No,360.0,0.0,Semiurban,N,8.504107951867582,6.654152520183219,2.4849066497880004,8.649974302650056
Male,Yes,0,Graduate,Yes,300.0,0.0,Urban,N,8.64241515616962,7.772331575169614,2.302585092994046,8.992184362173012
Male,No,0,Graduate,No,84.0,1.0,Rural,Y,8.881002624255569,0.0,3.367295829986474,8.881002624255569
Male,Yes,0,Graduate,No,360.0,1.0,Rural,Y,8.101374671228582,7.364547014255642,2.302585092994046,8.492285555710053
Male,No,0,Not Graduate,Yes,360.0,0.0,Urban,N,7.932721027481948,0.0,2.302585092994046,7.932721027481948
Male,Yes,2,Graduate,No,360.0,1.0,Semiurban,Y,7.649216319820633,8.234299635696253,2.302585092994046,8.676928249537395
Male,No,0,Not Graduate,Yes,84.0,1.0,Urban,Y,7.8050670442584895,0.0,2.302585092994046,7.8050670442584895
Male,No,3+,Graduate,No,360.0,1.0,Semiurban,Y,10.069467984116963,0.0,3.8501476017100584,10.069467984116963
Male,Yes,0,Graduate,No,360.0,1.0,Semiurban,Y,9.046879822823147,7.071573364211532,2.833213344056216,9.176680170483548
Male,Yes,0,Graduate,Yes,360.0,1.0,Urban,Y,7.489412083508719,7.843848638152472,2.302585092994046,8.37516869138682
Male,Yes,2,Graduate,No,360.0,0.0,Semiurban,N,7.506591780070841,7.249925536717988,2.302585092994046,8.079308192051961
Male,Yes,1,Not Graduate,No,360.0,1.0,Semiurban,Y,8.589141690728821,7.402451520818244,2.9444389791664403,8.855378246041125
Male,No,0,Graduate,No,240.0,1.0,Semiurban,Y,8.628376720376853,0.0,2.772588722239781,8.628376720376853
Male,No,0,Not Graduate,Yes,360.0,1.0,Semiurban,Y,8.629449873761905,0.0,2.3978952727983707,8.629449873761905
Male,No,1,Graduate,No,360.0,1.0,Urban,Y,8.147288258706624,0.0,2.302585092994046,8.147288258706624
Female,Yes,0,Graduate,No,360.0,1.0,Rural,Y,8.224967478914584,7.551186867296149,2.302585092994046,8.636752426473876
Male,No,3+,Graduate,No,360.0,1.0,Rural,Y,8.496786381638575,0.0,2.772588722239781,8.496786381638575
Male,No,3+,Graduate,Yes,360.0,1.0,Semiurban,Y,8.351610750626559,0.0,2.302585092994046,8.351610750626559
Male,Yes,1,Graduate,Yes,360.0,0.0,Urban,N,6.968850378341948,7.474204806496124,2.302585092994046,7.945909598613133
Male,Yes,0,Graduate,No,360.0,1.0,Rural,Y,8.16223106548118,6.289715570908998,2.302585092994046,8.304989580140361
Male,No,1,Graduate,No,360.0,1.0,Rural,Y,7.789454566086673,0.0,2.302585092994046,7.789454566086673
Male,Yes,0,Graduate,No,360.0,1.0,Urban,Y,8.405143687607614,7.529406457837013,2.302585092994046,8.753213480544126
Male,No,0,Graduate,No,360.0,1.0,Urban,Y,10.091169715572178,0.0,4.499809670330265,10.091169715572178
Female,Yes,0,Not Graduate,No,84.0,1.0,Urban,Y,8.520587424484253,8.166216268592143,2.302585092994046,9.05204779298159
Female,No,0,Not Graduate,No,300.0,0.0,Semiurban,N,8.111928063310739,0.0,2.302585092994046,8.111928063310739
Male,Yes,2,Graduate,No,360.0,1.0,Urban,Y,8.853093836138493,7.831617276352611,2.302585092994046,9.160519676992227
Female,Yes,1,Graduate,No,360.0,1.0,Semiurban,Y,8.589699882202986,7.313220387090301,2.3978952727983707,8.835646922534773
Female,Yes,2,Graduate,No,480.0,0.0,Semiurban,N,8.552174160311482,8.092851027538384,2.302585092994046,9.041685005946043
Male,No,0,Not Graduate,No,360.0,1.0,Semiurban,Y,8.664232934065552,0.0,2.302585092994046,8.664232934065552
Female,No,0,Graduate,No,360.0,1.0,Semiurban,Y,9.533944453604027,0.0,3.9512437185814275,9.533944453604027
Male,Yes,0,Graduate,No,300.0,1.0,Semiurban,Y,7.621684998724611,7.078341579557671,2.302585092994046,8.079308192051961
Female,Yes,3+,Not Graduate,No,360.0,1.0,Semiurban,Y,8.584290934948731,7.802618063442671,2.833213344056216,8.96098117384356
Female,No,0,Graduate,No,360.0,1.0,Urban,Y,7.744569809354496,0.0,2.302585092994046,7.744569809354496
Male,Yes,0,Graduate,No,84.0,0.0,Urban,N,8.633374945705647,7.004881989712859,2.302585092994046,8.812396905266864
Male,Yes,1,Graduate,No,360.0,0.0,Rural,N,7.7488913372555315,0.0,2.302585092994046,7.7488913372555315
Male,Yes,0,Graduate,Yes,360.0,1.0,Urban,Y,8.049746290952191,7.422971251049421,2.302585092994046,8.477620416296414
Male,Yes,1,Graduate,No,360.0,1.0,Semiurban,N,8.12296471523406,6.873163834212518,2.5649493574615367,8.37470754311948
Female,Yes,0,Graduate,No,360.0,1.0,Rural,Y,8.885579291282982,8.089482474360754,2.70805020110221,9.257796313132479
Female,Yes,2,Graduate,No,360.0,0.0,Urban,N,8.851090687664982,7.242082359256962,2.302585092994046,9.03336450150698
Male,No,3+,Graduate,No,360.0,1.0,Semiurban,Y,7.552762084214147,0.0,2.302585092994046,7.552762084214147
Male,Yes,0,Not Graduate,No,240.0,0.0,Semiurban,N,8.33302993974291,7.237778191923443,2.302585092994046,8.6213730103259
Male,Yes,0,Graduate,Yes,360.0,0.0,Rural,N,7.874358824729881,6.773080375655535,2.302585092994046,8.161089512845797
Male,No,1,Graduate,No,360.0,1.0,Rural,Y,7.545389749611823,0.0,2.302585092994046,7.545389749611823
Male,Yes,3+,Graduate,No,360.0,1.0,Rural,Y,8.169902647359145,6.634633357861686,2.3978952727983707,8.36474106822456
Male,Yes,0,Not Graduate,No,360.0,0.0,Urban,N,8.114922974204593,7.5766097669730375,2.302585092994046,8.574518258035507
Female,No,1,Graduate,No,360.0,0.0,Semiurban,N,9.756031083068253,0.0,2.3978952727983707,9.756031083068253
Male,Yes,1,Graduate,No,60.0,1.0,Semiurban,Y,8.559869465696673,7.719573989259581,3.044522437723423,8.918516400357067
Male,Yes,1,Not Graduate,No,180.0,0.0,Semiurban,N,7.473637108496206,7.075808863978387,2.302585092994046,7.987184748233473
Male,No,0,Not Graduate,No,360.0,0.0,Urban,N,7.961370201719511,0.0,2.302585092994046,7.961370201719511
Male,Yes,1,Graduate,No,360.0,1.0,Urban,Y,8.912877287669296,7.179307969504034,2.302585092994046,9.075436609511382
Male,Yes,3+,Not Graduate,No,360.0,1.0,Rural,Y,9.553078650176042,7.013915474810528,2.302585092994046,9.628984915196462
Female,Yes,0,Graduate,No,360.0,1.0,Semiurban,Y,7.348587530927593,6.692083742506628,2.302585092994046,7.765993079407675
Male,No,0,Graduate,No,360.0,1.0,Urban,Y,7.172424577124845,0.0,2.302585092994046,7.172424577124845
Male,Yes,3+,Graduate,No,360.0,1.0,Semiurban,Y,9.422625179955517,7.227662498728654,3.044522437723423,9.528139343331775
Male,Yes,0,Graduate,Yes,120.0,1.0,Rural,Y,8.533853632309345,7.61085279039525,2.3978952727983707,8.86827250899781
Male,No,2,Graduate,No,360.0,1.0,Rural,Y,7.779048644925556,0.0,2.302585092994046,7.779048644925556
Male,No,0,Graduate,Yes,360.0,1.0,Urban,Y,8.620832226175724,0.0,2.5649493574615367,8.620832226175724
Male,Yes,0,Graduate,No,360.0,1.0,Urban,Y,6.71901315438526,6.838405200847344,2.302585092994046,7.473069088032197
Male,Yes,2,Graduate,No,360.0,1.0,Urban,Y,8.302265794873367,7.92588031673756,2.70805020110221,8.824677891164198
Male,Yes,0,Graduate,Yes,360.0,1.0,Rural,Y,8.496786381638575,6.579251212010101,2.302585092994046,8.633731007664188
Male,No,0,Graduate,No,360.0,1.0,Semiurban,Y,8.854664928370534,0.0,3.1354942159291497,8.854664928370534
Female,Yes,0,Graduate,Yes,360.0,1.0,Semiurban,Y,7.692113339595466,6.799055862058796,2.302585092994046,8.034955024502159
Male,Yes,1,Graduate,No,360.0,1.0,Semiurban,N,8.351610750626559,6.97354301952014,2.833213344056216,8.576216531865699
Male,No,0,Graduate,No,360.0,1.0,Semiurban,Y,7.745002803515839,0.0,2.302585092994046,7.745002803515839
Male,No,0,Graduate,Yes,360.0,0.0,Rural,N,8.453401058328458,0.0,2.9444389791664403,8.453401058328458
Female,Yes,3+,Not Graduate,No,360.0,1.0,Semiurban,Y,7.763021309018518,8.182838710766026,2.302585092994046,8.68777949199177
Male,No,0,Graduate,Yes,360.0,1.0,Urban,Y,8.055157731819678,0.0,2.302585092994046,8.055157731819678
Male,Yes,1,Graduate,No,360.0,1.0,Urban,Y,7.7025561132685825,8.185071477532283,2.302585092994046,8.665613196534512
Male,No,0,Graduate,No,360.0,1.0,Semiurban,Y,8.690810307580046,0.0,3.1780538303479458,8.690810307580046
Male,Yes,2,Graduate,No,360.0,1.0,Rural,Y,8.815073088844464,6.727431724850855,3.1780538303479458,8.931816237309167
Male,Yes,0,Graduate,Yes,360.0,1.0,Urban,Y,8.159374736775426,7.268920128193722,2.302585092994046,8.503094267036737
Male,No,3+,Not Graduate,No,360.0,1.0,Rural,Y,8.323122887587735,0.0,2.5649493574615367,8.323122887587735
Male,Yes,0,Graduate,No,360.0,0.0,Rural,N,7.431299675155903,8.431417414394833,2.302585092994046,8.744488113852922
Male,Yes,0,Graduate,No,360.0,1.0,Urban,Y,8.120291313968561,6.663132695990803,2.302585092994046,8.329416783939319
Male,No,0,Graduate,No,360.0,1.0,Urban,Y,8.270013062273787,0.0,2.302585092994046,8.270013062273787
Male,No,0,Graduate,No,360.0,1.0,Urban,Y,9.872512748236698,0.0,3.258096538021482,9.872512748236698
Female,Yes,0,Graduate,No,84.0,1.0,Rural,Y,7.632885505395133,8.780787468338929,2.302585092994046,9.056256356593467
Male,No,0,Graduate,No,360.0,0.0,Urban,N,9.178540059426386,0.0,2.833213344056216,9.178540059426386
Male,Yes,2,Graduate,No,180.0,1.0,Semiurban,Y,8.898228985601227,7.998671361015776,3.2188758248682006,9.239413619461889
Male,Yes,0,Graduate,No,360.0,1.0,Semiurban,Y,8.468423027046809,9.097171673870545,2.302585092994046,9.524493961633755
Male,Yes,0,Graduate,No,360.0,1.0,Rural,Y,9.355219633294267,7.068172000388042,2.9444389791664403,9.451873788401983
Male,Yes,1,Not Graduate,Yes,180.0,1.0,Urban,Y,8.523374050491318,6.42648845745769,2.302585092994046,8.639056779173078
Male,No,1,Graduate,No,360.0,1.0,Semiurban,Y,8.533656917446903,0.0,2.302585092994046,8.533656917446903
Male,Yes,0,Graduate,No,360.0,1.0,Semiurban,Y,8.268218880067506,7.999007213243955,2.302585092994046,8.835646922534773
Male,Yes,0,Graduate,No,360.0,1.0,Semiurban,Y,9.034199674257309,6.182084906716632,2.302585092994046,9.090204570736201
Male,Yes,0,Graduate,No,360.0,0.0,Rural,N,8.95789673495042,7.2399325913204695,2.9444389791664403,9.122819774446688
Male,No,1,Not Graduate,No,360.0,0.0,Urban,N,7.9247959139564355,0.0,2.302585092994046,7.9247959139564355
Male,Yes,1,Graduate,Yes,360.0,1.0,Rural,N,7.508787170634276,7.629975707027789,2.302585092994046,8.264105763728955
Male,Yes,0,Graduate,No,180.0,1.0,Semiurban,Y,8.178358165605836,7.798112628829788,2.302585092994046,8.699181359308954
Female,Yes,2,Not Graduate,No,360.0,1.0,Semiurban,Y,7.820037989458753,7.655864017616056,2.302585092994046,8.434246270595311
Male,Yes,2,Graduate,No,84.0,0.0,Semiurban,N,8.262042843966942,8.395251520610994,2.70805020110221,9.023890304598448
Male,Yes,1,Not Graduate,No,84.0,1.0,Semiurban,Y,9.042513261332681,6.834108738813838,2.9444389791664403,9.14665482029005
Male,No,2,Graduate,No,360.0,1.0,Urban,Y,8.025843344150903,0.0,2.302585092994046,8.025843344150903
Female,No,0,Graduate,No,360.0,1.0,Semiurban,Y,8.274357006756292,0.0,2.302585092994046,8.274357006756292
Female,Yes,0,Graduate,No,480.0,1.0,Semiurban,Y,8.334951631422454,8.081165777725433,2.772588722239781,8.90910013492555
Male,No,0,Graduate,No,84.0,1.0,Semiurban,Y,8.809116258125274,0.0,2.302585092994046,8.809116258125274
Male,No,0,Not Graduate,Yes,360.0,0.0,Semiurban,N,6.952728644624869,0.0,2.302585092994046,6.952728644624869
Female,No,0,Graduate,No,360.0,0.0,Rural,N,7.936302693201959,0.0,2.302585092994046,7.936302693201959
Male,Yes,3+,Graduate,No,360.0,1.0,Semiurban,Y,8.426830751335846,6.675823221634848,2.302585092994046,8.586719254064848
Male,Yes,0,Graduate,Yes,360.0,1.0,Urban,Y,9.020147920801659,8.667163717992533,2.302585092994046,9.552226498441476
Male,Yes,0,Graduate,No,360.0,1.0,Semiurban,Y,8.005033344637111,8.566364235422688,2.302585092994046,9.017604776833357
Male,Yes,0,Graduate,No,360.0,0.0,Rural,N,7.174724309836376,8.014996894348302,2.302585092994046,8.373553741214627
Female,No,3+,Not Graduate,No,360.0,1.0,Rural,Y,8.671972245203792,0.0,2.772588722239781,8.671972245203792
Female,No,0,Graduate,No,360.0,0.0,Semiurban,N,7.918992488165245,0.0,2.302585092994046,7.918992488165245
Male,No,0,Graduate,No,360.0,1.0,Rural,Y,7.58629630715272,0.0,2.302585092994046,7.58629630715272
Male,Yes,0,Graduate,No,360.0,1.0,Urban,Y,7.925518979786926,6.985641817639208,2.3978952727983707,8.255048902752295
Male,Yes,0,Graduate,No,360.0,1.0,Semiurban,Y,8.189522110748094,8.005367067316664,2.302585092994046,8.794673401383422
Male,No,3+,Graduate,No,360.0,0.0,Rural,N,7.937374696163295,0.0,2.302585092994046,7.937374696163295
Female,No,3+,Graduate,Yes,360.0,1.0,Rural,Y,6.977281341630747,0.0,2.302585092994046,6.977281341630747
Female,Yes,0,Not Graduate,No,360.0,1.0,Semiurban,Y,8.838261682885651,8.459564078579602,2.302585092994046,9.35979432514452
Male,No,3+,Graduate,No,360.0,1.0,Rural,Y,9.06496771896043,0.0,3.5263605246161616,9.06496771896043
Male,No,1,Graduate,No,60.0,0.0,Urban,N,8.690978417187905,0.0,2.302585092994046,8.690978417187905
Male,Yes,2,Graduate,No,360.0,0.0,Rural,N,7.617759576608505,6.80903930604298,2.302585092994046,7.985824666418917
Male,Yes,0,Not Graduate,No,360.0,1.0,Urban,Y,8.179199798423086,6.907755278982137,2.302585092994046,8.42617379302907
Female,Yes,0,Graduate,No,360.0,0.0,Urban,N,8.296297112642508,8.374938143835367,2.6390573296152584,9.029417836095936
Male,Yes,0,Graduate,No,36.0,1.0,Urban,Y,8.659386957119413,8.045588280803528,2.302585092994046,9.0918946167697
Male,Yes,1,Graduate,No,360.0,1.0,Semiurban,Y,8.701013624333928,7.473069088032197,2.6390573296152584,8.957768009971161
Male,No,0,Graduate,No,360.0,1.0,Urban,Y,7.85979918056211,0.0,2.302585092994046,7.85979918056211
Male,Yes,0,Graduate,No,360.0,1.0,Urban,Y,8.34924780056679,6.082218910376446,2.772588722239781,8.447628728030327
Male,Yes,0,Graduate,No,360.0,1.0,Urban,Y,8.574518258035507,6.75110146893676,2.995732273553991,8.72404474595347
Male,Yes,1,Graduate,No,360.0,0.0,Urban,N,9.173572647783969,8.83811659764782,3.4965075614664802,9.71293219081507
Male,Yes,0,Graduate,Yes,360.0,1.0,Semiurban,Y,8.722742874329398,6.6039438246004725,3.1354942159291497,8.83608319099221
Male,No,1,Not Graduate,No,360.0,1.0,Semiurban,Y,8.773539383558166,0.0,2.302585092994046,8.773539383558166
Male,Yes,3+,Not Graduate,No,360.0,0.0,Semiurban,N,8.350429973538136,8.205218426395412,2.302585092994046,8.973478148521036
Male,Yes,0,Graduate,No,360.0,1.0,Rural,Y,9.14633504200027,6.62273632394984,2.70805020110221,9.223355309053678
Male,No,1,Graduate,No,360.0,1.0,Rural,Y,8.545974992841689,0.0,2.302585092994046,8.545974992841689
Male,Yes,0,Graduate,No,180.0,1.0,Rural,Y,7.783640596221253,8.156797046675651,2.302585092994046,8.68050180902826
Male,Yes,2,Graduate,No,360.0,1.0,Semiurban,Y,9.142061531222888,7.508787170634276,3.1354942159291497,9.320360017014732
Male,Yes,0,Graduate,No,180.0,1.0,Rural,Y,8.718827059242566,9.507923269105227,2.302585092994046,9.882366055914018
Male,Yes,1,Graduate,No,360.0,0.0,Urban,N,8.034306936339489,6.333279628139691,2.302585092994046,8.201660190808681
Female,Yes,2,Graduate,No,360.0,1.0,Urban,Y,8.012349639327795,8.24117615049496,2.302585092994046,8.826294231241318
Male,Yes,3+,Not Graduate,No,360.0,1.0,Semiurban,Y,8.478036476215044,7.3796321526095525,2.302585092994046,8.765614549914716
Male,Yes,1,Graduate,Yes,84.0,1.0,Rural,Y,8.577911926450943,8.04044688130311,2.5649493574615367,9.03788993497749
Male,No,0,Graduate,Yes,360.0,0.0,Urban,N,8.41847721847708,0.0,2.70805020110221,8.41847721847708
Male,Yes,1,Not Graduate,No,360.0,0.0,Urban,N,8.486940148245216,6.9874902470009905,2.70805020110221,8.688285266258642
Male,Yes,2,Graduate,No,360.0,1.0,Urban,Y,9.320001626185702,7.660585461703256,2.302585092994046,9.49408972140025
Male,Yes,1,Graduate,No,360.0,1.0,Rural,Y,8.942983665985647,6.20050917404269,2.302585092994046,9.005282288208358
Female,Yes,0,Graduate,Yes,360.0,1.0,Semiurban,Y,8.414495793177895,7.922623574217286,2.3978952727983707,8.891511570527566
Male,No,3+,Graduate,No,360.0,1.0,Urban,Y,8.86488793377419,0.0,2.302585092994046,8.86488793377419
Female,Yes,1,Graduate,No,360.0,1.0,Semiurban,Y,7.680637427560936,7.947325027016463,2.302585092994046,8.515792210500608
Male,No,1,Graduate,Yes,360.0,0.0,Semiurban,N,8.538758969330798,0.0,2.302585092994046,8.538758969330798
Male,Yes,0,Graduate,Yes,360.0,1.0,Semiurban,Y,9.385637313833174,7.757478766584179,2.302585092994046,9.564792848061817
Male,Yes,1,Not Graduate,No,360.0,1.0,Urban,Y,8.169336395928386,7.603897968521881,2.302585092994046,8.619027497297505
Male,Yes,0,Not Graduate,No,360.0,1.0,Rural,Y,7.791522819150732,6.883462586413092,2.302585092994046,8.130059039992796
Male,No,1,Not Graduate,No,360.0,1.0,Urban,Y,7.908754738783246,0.0,2.3978952727983707,7.908754738783246
Male,Yes,0,Graduate,No,360.0,1.0,Semiurban,Y,7.646353722445999,8.330863613224745,2.302585092994046,8.739055922830724
Male,Yes,1,Graduate,No,360.0,1.0,Urban,Y,7.829232537543592,8.505525386548555,2.302585092994046,8.916506080039204
Male,Yes,3+,Not Graduate,Yes,60.0,1.0,Semiurban,Y,8.07775756373692,7.333676395657684,2.302585092994046,8.466320861042481
Male,No,0,Graduate,No,84.0,1.0,Semiurban,Y,7.4570320891223805,0.0,2.302585092994046,7.4570320891223805
Male,Yes,3+,Graduate,No,360.0,1.0,Semiurban,Y,8.30943074214033,6.866933284461882,2.772588722239781,8.521384396034707
Male,No,0,Graduate,No,360.0,1.0,Urban,Y,8.841448244098858,0.0,2.302585092994046,8.841448244098858
Female,Yes,2,Graduate,No,360.0,1.0,Rural,Y,7.755767170102998,7.9658927350845286,2.302585092994046,8.559294367434873
Female,Yes,2,Not Graduate,No,360.0,1.0,Urban,Y,9.211639527707803,8.85893722196655,2.302585092994046,9.74384682996523
Female,Yes,0,Graduate,No,360.0,1.0,Semiurban,Y,8.606485298894999,6.885509670034818,3.091042453358316,8.770904744296864
Male,Yes,1,Graduate,No,360.0,1.0,Rural,Y,8.918382504661613,7.23561914106675,2.6390573296152584,9.088737550216933
Male,Yes,2,Graduate,No,360.0,1.0,Semiurban,Y,7.905441649060286,7.6624678152002375,2.302585092994046,8.484256691169973
Female,Yes,0,Graduate,No,180.0,1.0,Rural,Y,8.812843433517195,7.952615111651,2.4849066497880004,9.165552189186048
Male,No,0,Not Graduate,Yes,180.0,1.0,Semiurban,Y,7.644919344958857,0.0,2.302585092994046,7.644919344958857
Female,Yes,1,Graduate,Yes,360.0,1.0,Semiurban,Y,8.834191318202071,6.889591308354466,2.302585092994046,8.967759126769497
Female,Yes,2,Graduate,No,360.0,1.0,Rural,Y,8.403128235128264,8.11701408773731,2.302585092994046,8.963288275610298
Female,Yes,2,Not Graduate,No,360.0,1.0,Urban,Y,8.632127729508337,8.005033344637111,3.091042453358316,9.05998249038762
Male,Yes,2,Graduate,Yes,360.0,0.0,Semiurban,N,7.59488438721652,6.859614903654202,2.302585092994046,7.986164860332727
Male,Yes,0,Graduate,No,360.0,1.0,Rural,Y,7.763021309018518,8.448914350662942,2.302585092994046,8.85666093701725
Female,Yes,2,Graduate,Yes,360.0,1.0,Semiurban,Y,8.65834547117212,8.319229938632326,2.772588722239781,9.19614002257504
Male,Yes,0,Not Graduate,No,360.0,1.0,Urban,Y,7.731053144007127,7.594381242551817,2.302585092994046,8.357962965845681
Male,No,0,Graduate,No,360.0,1.0,Semiurban,Y,8.57810012631976,0.0,2.302585092994046,8.57810012631976
Male,No,0,Graduate,No,360.0,0.0,Rural,N,7.4798641311650265,0.0,2.302585092994046,7.4798641311650265
Female,Yes,0,Not Graduate,No,360.0,1.0,Rural,Y,8.808966881771273,6.897704943128636,2.3978952727983707,8.946765374867635
Male,Yes,0,Graduate,No,360.0,1.0,Semiurban,Y,7.560601162768557,7.52131798019924,2.302585092994046,8.23403420769204
Male,Yes,0,Not Graduate,Yes,360.0,1.0,Semiurban,Y,8.63141433550626,5.993961427306569,2.302585092994046,8.700347734514084
Male,Yes,1,Graduate,No,360.0,0.0,Rural,N,8.675392806089782,8.113726085970747,2.302585092994046,9.126523885883072
Male,Yes,0,Graduate,No,360.0,1.0,Urban,Y,7.88193748927207,6.408528791059498,2.302585092994046,8.08794755464267
Female,Yes,0,Graduate,No,360.0,0.0,Urban,N,8.649273531773446,8.55256033525353,2.995732273553991,9.295140973668648
Male,No,0,Not Graduate,No,360.0,1.0,Semiurban,Y,8.45638105201948,0.0,2.302585092994046,8.45638105201948
Male,No,0,Graduate,Yes,36.0,0.0,Rural,N,7.976938756959434,0.0,2.302585092994046,7.976938756959434
Female,Yes,0,Not Graduate,No,360.0,1.0,Rural,Y,7.6953031349635665,7.061334366910438,2.302585092994046,8.12058871174027
Male,Yes,0,Not Graduate,No,360.0,0.0,Semiurban,N,7.122866658599083,7.298445101508147,2.302585092994046,7.907283609426348
Male,Yes,1,Graduate,No,360.0,1.0,Urban,Y,8.509967146324497,8.493105395887147,2.302585092994046,9.194617411510945
Male,No,1,Not Graduate,No,480.0,0.0,Semiurban,N,7.3613754289773485,0.0,2.302585092994046,7.3613754289773485
Male,Yes,1,Graduate,No,360.0,1.0,Urban,Y,8.357259153499912,8.393894975071744,2.4849066497880004,9.068776807654396
Male,Yes,0,Graduate,No,360.0,1.0,Urban,Y,8.142063283104147,7.736743682453495,2.3978952727983707,8.65277248565806
Female,No,0,Graduate,No,360.0,1.0,Rural,Y,8.707648248106914,0.0,2.3978952727983707,8.707648248106914
Female,Yes,2,Not Graduate,No,360.0,1.0,Urban,Y,8.118802996980035,6.747586526829315,2.4849066497880004,8.344742754417545
Female,No,0,Graduate,No,360.0,1.0,Rural,Y,8.10258642539079,0.0,2.302585092994046,8.10258642539079
Female,Yes,0,Graduate,No,360.0,1.0,Semiurban,Y,8.739216115061744,6.838405200847344,2.302585092994046,8.878358040627822
Male,Yes,0,Graduate,No,360.0,1.0,Semiurban,N,8.501063809486354,6.693323668269949,2.833213344056216,8.65277248565806
Male,Yes,0,Graduate,No,480.0,1.0,Urban,Y,8.489821994620105,8.296297112642508,2.302585092994046,9.090768236835338
Male,No,0,Graduate,Yes,360.0,1.0,Semiurban,Y,8.581669210600602,0.0,2.302585092994046,8.581669210600602
Male,No,0,Not Graduate,No,360.0,1.0,Urban,Y,7.379008127628304,0.0,2.302585092994046,7.379008127628304
Male,No,1,Not Graduate,No,360.0,1.0,Rural,Y,8.754160749323518,0.0,2.3978952727983707,8.754160749323518
Male,Yes,0,Graduate,No,360.0,1.0,Rural,Y,8.667507952075105,6.782192056006791,2.833213344056216,8.808668062106715
Female,No,1,Not Graduate,No,360.0,1.0,Semiurban,Y,7.690286020676768,0.0,2.302585092994046,7.690286020676768
Male,Yes,2,Graduate,No,360.0,1.0,Urban,N,8.153637486385282,8.24301946898925,2.3978952727983707,8.892336539638013
Male,Yes,2,Not Graduate,No,360.0,1.0,Rural,Y,8.27664912542186,7.8724551500639794,2.302585092994046,8.787830829258759
Male,No,1,Graduate,Yes,360.0,1.0,Semiurban,Y,8.21932609390609,0.0,2.302585092994046,8.21932609390609
Male,Yes,3+,Graduate,No,360.0,1.0,Urban,Y,8.50045386741194,8.73294952429643,2.5649493574615367,9.316500567804574
Male,Yes,0,Graduate,No,360.0,1.0,Semiurban,Y,9.158836529109067,7.4999765409521215,2.5649493574615367,9.33300038471207
Male,Yes,0,Not Graduate,No,360.0,1.0,Rural,Y,8.94910546953925,6.673297967767654,2.70805020110221,9.046762057999363
Male,Yes,0,Graduate,No,360.0,1.0,Urban,N,7.513163545234075,7.814803429489359,2.302585092994046,8.36822903827628
Male,Yes,1,Graduate,No,360.0,0.0,Urban,N,8.67334187390617,8.960339366492091,2.302585092994046,9.520175249069098
Male,Yes,2,Graduate,No,300.0,0.0,Rural,N,9.097395612960048,6.790097235513905,2.6390573296152584,9.192176401348512
Male,Yes,0,Graduate,No,180.0,1.0,Urban,Y,8.532278828834277,7.247080584585756,2.302585092994046,8.776321456449956
Male,No,3+,Graduate,No,360.0,1.0,Urban,Y,8.954673628956414,0.0,2.302585092994046,8.954673628956414
Female,No,0,Graduate,No,360.0,1.0,Semiurban,Y,9.507403306233716,0.0,2.302585092994046,9.507403306233716
Male,Yes,3+,Not Graduate,No,360.0,1.0,Rural,Y,8.914357274485015,6.813444599510896,2.833213344056216,9.029657471850737
Male,Yes,0,Graduate,No,360.0,1.0,Semiurban,Y,8.449770515098804,8.285513309079741,2.302585092994046,9.064042114358884
Male,Yes,0,Graduate,No,360.0,0.0,Rural,N,8.927181388251986,9.124128675157117,2.4849066497880004,9.723583072257778
Male,Yes,0,Graduate,No,360.0,1.0,Semiurban,Y,8.387084506069217,7.637716432664798,2.833213344056216,8.774003600200931
Male,Yes,0,Not Graduate,No,360.0,1.0,Urban,Y,8.31434234336979,6.8679744089702925,2.302585092994046,8.525558107747864
Male,Yes,0,Not Graduate,No,180.0,1.0,Rural,Y,8.089175678837561,6.416732282512326,2.5649493574615367,8.261009786023827
Male,Yes,0,Graduate,No,360.0,1.0,Semiurban,Y,9.238052810542719,7.680637427560936,2.5649493574615367,9.429154565129164
Male,Yes,2,Graduate,No,360.0,1.0,Urban,Y,7.809135398120538,8.272826003650401,2.302585092994046,8.760609847570002
Male,Yes,0,Graduate,No,360.0,1.0,Semiurban,Y,9.219498309760949,7.8328075165248645,3.2188758248682006,9.442483307087194
Male,Yes,0,Graduate,No,360.0,1.0,Urban,Y,8.600062669238532,7.498869733976931,2.995732273553991,8.886962034866128
Male,No,1,Not Graduate,Yes,360.0,0.0,Urban,N,7.460490305825338,0.0,2.302585092994046,7.460490305825338
Male,No,1,Graduate,No,360.0,1.0,Urban,Y,8.520786726926367,0.0,2.4849066497880004,8.520786726926367
Female,Yes,0,Graduate,Yes,360.0,1.0,Semiurban,Y,7.040536390215956,8.084562415235304,2.302585092994046,8.385944904806284
Male,No,0,Graduate,No,360.0,1.0,Rural,Y,8.675392806089782,0.0,2.302585092994046,8.675392806089782
Male,Yes,0,Not Graduate,No,360.0,0.0,Semiurban,N,8.83127373772255,6.418364935936212,2.302585092994046,8.916908467543795
Male,No,0,Graduate,Yes,360.0,0.0,Rural,N,7.944846711001996,0.0,2.302585092994046,7.944846711001996
Male,No,1,Graduate,No,360.0,1.0,Urban,Y,8.374246182096304,0.0,2.302585092994046,8.374246182096304
Male,Yes,0,Graduate,No,360.0,1.0,Urban,Y,9.472550778454295,8.479906606630221,3.7376696182833684,9.787739943991815
Male,Yes,0,Not Graduate,No,360.0,1.0,Urban,Y,7.9966538754626075,6.561030665896573,2.302585092994046,8.209852481301272
Male,Yes,1,Graduate,No,360.0,1.0,Urban,Y,7.664815785285735,6.54534966033442,2.302585092994046,7.946971357693591
Female,Yes,0,Graduate,No,360.0,1.0,Urban,Y,9.18901458526143,7.395721608602045,3.4339872044851463,9.342858751676328
Female,Yes,0,Graduate,Yes,360.0,1.0,Rural,Y,9.4776156346503,7.852050207265889,3.5263605246161616,9.657203308780275
Male,Yes,0,Graduate,No,180.0,1.0,Rural,Y,8.302265794873367,8.757469141470748,2.70805020110221,9.248599084093273
Male,Yes,3+,Graduate,No,360.0,1.0,Rural,Y,8.906935339059165,7.994294986415977,2.302585092994046,9.24435525056346
Male,No,0,Graduate,No,360.0,1.0,Urban,Y,9.104979856318357,0.0,2.5649493574615367,9.104979856318357
Male,No,2,Graduate,No,360.0,1.0,Rural,Y,7.8547691834991324,0.0,2.302585092994046,7.8547691834991324
Male,Yes,0,Graduate,No,360.0,1.0,Urban,Y,8.00903068506973,8.361007108226909,2.302585092994046,8.8934354408475
Male,Yes,0,Graduate,Yes,180.0,0.0,Urban,N,9.038602608721874,6.825460036255307,3.295836866004329,9.142275641062055
Male,Yes,1,Not Graduate,No,360.0,0.0,Rural,N,9.311090275076326,8.63994165667529,3.7376696182833684,9.723882303236403
Male,Yes,3+,Graduate,No,360.0,1.0,Semiurban,Y,8.637816633739977,7.301147805856032,2.4849066497880004,8.870943863837724
Male,No,1,Not Graduate,No,360.0,0.0,Urban,N,7.772331575169614,0.0,2.302585092994046,7.772331575169614
Female,Yes,2,Graduate,Yes,360.0,1.0,Semiurban,Y,9.49228099379885,7.975564658495202,3.9512437185814275,9.690603690159534
Male,Yes,2,Graduate,No,360.0,1.0,Urban,Y,7.9817332866918855,7.404279118037268,2.302585092994046,8.42704964156327
Male,Yes,0,Graduate,No,360.0,1.0,Rural,Y,8.098946748943339,7.136483208590247,2.302585092994046,8.42222295382501
Male,Yes,0,Graduate,No,360.0,1.0,Semiurban,Y,8.505525386548555,7.261927092702751,2.302585092994046,8.758726607842037
Male,No,1,Graduate,No,360.0,1.0,Rural,Y,9.232590980911002,0.0,3.6375861597263857,9.232590980911002
Male,No,0,Graduate,No,360.0,1.0,Urban,Y,8.812396905266864,0.0,2.833213344056216,8.812396905266864
Male,Yes,2,Graduate,No,300.0,1.0,Semiurban,Y,8.54907938027856,7.085064293952548,2.833213344056216,8.756997183623556
Male,Yes,3+,Not Graduate,No,360.0,1.0,Semiurban,Y,8.57810012631976,7.384610383176974,2.8903717578961645,8.8427489162961
Male,Yes,0,Graduate,No,180.0,1.0,Semiurban,Y,8.326274787396764,7.555381944240273,2.302585092994046,8.706324840138741
Male,No,0,Not Graduate,No,360.0,1.0,Urban,Y,8.63497622707262,0.0,2.4849066497880004,8.63497622707262
Male,No,2,Graduate,No,360.0,1.0,Rural,Y,6.78332520060396,0.0,2.302585092994046,6.78332520060396
Male,Yes,0,Graduate,No,360.0,1.0,Rural,Y,8.122074375362217,6.814542897259958,2.302585092994046,8.361240889642351
Female,Yes,2,Graduate,No,360.0,1.0,Rural,Y,8.444837529224097,6.693323668269949,2.772588722239781,8.604654467186233
Male,No,0,Graduate,No,360.0,0.0,Rural,N,7.609862200913554,0.0,2.302585092994046,7.609862200913554
Male,Yes,1,Graduate,No,360.0,1.0,Rural,Y,8.531884740159228,6.246106765481563,2.6390573296152584,8.628555659269699
Male,No,0,Graduate,No,240.0,1.0,Semiurban,Y,8.177515823846075,0.0,2.4849066497880004,8.177515823846075
Male,Yes,1,Graduate,Yes,360.0,1.0,Rural,Y,9.35331454092729,7.00397413672268,3.6635616461296463,9.444384297758681
Male,Yes,0,Graduate,No,360.0,1.0,Urban,Y,9.243871855184976,8.867286523989415,3.58351893845611,9.766292313358283
Male,Yes,1,Graduate,No,300.0,1.0,Semiurban,Y,8.02059914989697,7.132497551660044,2.302585092994046,8.364973978438726
Male,Yes,0,Not Graduate,No,360.0,1.0,Urban,Y,8.209580483475577,7.6246189861593985,2.302585092994046,8.652248422409102
Male,Yes,1,Not Graduate,No,360.0,1.0,Semiurban,Y,8.25582842728183,7.780720886117918,2.302585092994046,8.739216115061744
Male,No,2,Graduate,No,360.0,1.0,Urban,Y,8.029107054619736,0.0,2.302585092994046,8.029107054619736
Male,Yes,0,Not Graduate,No,180.0,1.0,Rural,Y,8.41715183723601,7.44600149832412,2.302585092994046,8.738094230177667
Male,Yes,0,Graduate,No,60.0,1.0,Urban,N,7.845416036592485,6.664409020350408,2.302585092994046,8.112827478751374
Male,Yes,0,Graduate,No,60.0,1.0,Urban,Y,7.621684998724611,8.51579221050061,2.302585092994046,8.858510813033929
Male,Yes,1,Not Graduate,No,360.0,0.0,Semiurban,N,8.67368398817567,8.765146421639022,2.772588722239781,9.413526083949446
Male,Yes,1,Graduate,No,360.0,0.0,Urban,N,8.677780256064185,6.322565239927284,2.302585092994046,8.768263145371286
Female,Yes,0,Graduate,No,360.0,1.0,Urban,Y,7.81762544305337,6.78332520060396,2.302585092994046,8.121480374750751
Male,No,0,Graduate,No,360.0,1.0,Urban,Y,8.83724564389847,0.0,2.833213344056216,8.83724564389847
Male,Yes,0,Graduate,No,360.0,1.0,Semiurban,Y,7.9211727215870145,6.825460036255307,2.302585092994046,8.209308411646937
Male,Yes,1,Graduate,No,360.0,1.0,Semiurban,Y,8.451907724717607,7.854381210652365,2.302585092994046,8.89013510781884
Male,Yes,0,Not Graduate,No,36.0,1.0,Rural,Y,8.792245847467877,6.990256500493881,3.044522437723423,8.944811104165534
Male,No,3+,Graduate,No,480.0,0.0,Rural,N,8.279950715722526,0.0,2.302585092994046,8.279950715722526
Male,No,0,Graduate,No,360.0,1.0,Semiurban,Y,8.57300625623545,0.0,2.302585092994046,8.57300625623545
Female,No,1,Not Graduate,No,360.0,1.0,Semiurban,Y,7.990238185720363,0.0,2.4849066497880004,7.990238185720363
Male,Yes,0,Graduate,No,360.0,1.0,Urban,Y,8.182279739259018,8.219056661060598,2.3978952727983707,8.893847217670283
Male,Yes,0,Graduate,No,360.0,1.0,Rural,Y,8.176672771948455,8.274357006756292,2.6390573296152584,8.91972065553706
Male,Yes,1,Graduate,Yes,360.0,0.0,Urban,N,7.85243908535751,7.105786129481271,2.302585092994046,8.240121298076472
Male,Yes,1,Graduate,Yes,360.0,1.0,Urban,Y,8.193953023563742,6.92951677076365,2.302585092994046,8.442469645220301
Male,Yes,3+,Not Graduate,No,360.0,1.0,Rural,Y,7.370860166536716,7.554858521040676,2.302585092994046,8.159946655578548
Female,Yes,0,Graduate,No,360.0,1.0,Semiurban,Y,8.005367067316664,8.103191752285786,2.302585092994046,8.748463629942055
Male,Yes,0,Not Graduate,No,360.0,1.0,Urban,Y,8.129174996911793,7.597396320212795,2.3978952727983707,8.591186871324563
Female,Yes,1,Graduate,No,300.0,1.0,Urban,Y,8.146419323098003,6.396929655216146,2.302585092994046,8.306472160100585
Female,No,1,Not Graduate,No,360.0,1.0,Rural,Y,8.155362120328135,0.0,2.302585092994046,8.155362120328135
Male,Yes,0,Graduate,No,360.0,1.0,Rural,Y,8.263074835802596,7.448333860897476,2.302585092994046,8.629449873761905
Male,Yes,0,Not Graduate,No,360.0,1.0,Semiurban,Y,8.58783803098557,7.44716835960004,2.302585092994046,8.865029186687766
Male,No,0,Graduate,No,360.0,1.0,Semiurban,Y,8.824824939175638,0.0,2.302585092994046,8.824824939175638
Male,Yes,2,Not Graduate,Yes,60.0,1.0,Semiurban,Y,7.9102237070973445,6.530877627725885,2.302585092994046,8.134467570277563
Male,No,0,Graduate,No,360.0,1.0,Rural,Y,7.578145472419466,0.0,2.302585092994046,7.578145472419466
Male,Yes,0,Graduate,Yes,360.0,1.0,Rural,Y,7.675081857716334,8.542470998600505,2.302585092994046,8.893023494394711
Male,Yes,0,Not Graduate,No,360.0,1.0,Urban,Y,8.007700012884026,9.090091799380007,2.302585092994046,9.381769487603714
Male,No,0,Graduate,No,360.0,1.0,Rural,Y,8.08886878916199,0.0,2.4849066497880004,8.08886878916199
Female,No,0,Not Graduate,Yes,360.0,1.0,Urban,Y,7.8383433155571165,0.0,2.302585092994046,7.8383433155571165
Male,No,0,Graduate,No,360.0,1.0,Urban,Y,7.522400231387125,0.0,2.302585092994046,7.522400231387125
Female,Yes,0,Graduate,No,360.0,0.0,Semiurban,N,8.026496938945412,7.637234388789473,2.302585092994046,8.543640361431086
Male,Yes,2,Graduate,No,360.0,0.0,Semiurban,N,8.408939605975984,7.431299675155903,2.4849066497880004,8.728102205062106
Male,Yes,0,Graduate,No,360.0,1.0,Rural,Y,8.657129031713755,7.805474625270857,2.8903717578961645,9.012377119192271
Male,Yes,0,Graduate,Yes,360.0,1.0,Urban,Y,7.9658927350845286,5.730099782973574,2.302585092994046,8.067149039910106
Male,No,2,Graduate,No,360.0,1.0,Semiurban,Y,8.052296499538647,0.0,2.5649493574615367,8.052296499538647
Female,Yes,1,Graduate,No,360.0,1.0,Rural,Y,7.744136627627991,7.588829878307813,2.302585092994046,8.36240897761537
Male,No,0,Graduate,No,180.0,0.0,Rural,N,8.28121766128665,0.0,2.302585092994046,8.28121766128665
Female,Yes,0,Graduate,No,480.0,1.0,Urban,Y,7.791109510610028,8.932872621931374,2.302585092994046,9.209840246934501
Male,Yes,0,Graduate,No,360.0,1.0,Semiurban,Y,8.644002038279933,7.028201432058005,2.302585092994046,8.825118970345061
Male,Yes,1,Graduate,No,360.0,1.0,Semiurban,Y,7.229113877793302,7.218176838403408,2.302585092994046,7.91644286012226
Male,No,3+,Graduate,No,360.0,1.0,Urban,Y,8.084254106307318,0.0,2.302585092994046,8.084254106307318
Female,No,1,Graduate,No,360.0,1.0,Rural,Y,8.480736654405622,0.0,2.302585092994046,8.480736654405622
Female,No,0,Not Graduate,No,360.0,1.0,Rural,Y,8.410498452745275,0.0,2.772588722239781,8.410498452745275
Male,No,1,Not Graduate,No,360.0,1.0,Urban,Y,9.915860688599269,0.0,3.970291913552122,9.915860688599269
Male,No,0,Graduate,No,360.0,0.0,Urban,N,8.509967146324497,0.0,2.302585092994046,8.509967146324497
Male,No,0,Graduate,No,180.0,1.0,Urban,Y,7.697575346802343,0.0,2.302585092994046,7.697575346802343
Male,Yes,0,Not Graduate,No,180.0,1.0,Rural,Y,8.242756345714477,6.595780513961311,2.6390573296152584,8.418697944667139
Female,Yes,3+,Graduate,No,360.0,0.0,Urban,N,7.234898420314831,7.1276936993473985,2.302585092994046,7.875499292445208
Female,Yes,0,Graduate,No,360.0,1.0,Semiurban,Y,8.251663923605589,7.074963197966044,2.6390573296152584,8.520188700396035
Male,No,1,Graduate,No,360.0,1.0,Semiurban,Y,7.80057265467065,0.0,2.302585092994046,7.80057265467065
Male,No,0,Not Graduate,Yes,360.0,1.0,Semiurban,Y,8.84937050375457,0.0,3.1354942159291497,8.84937050375457
Male,Yes,0,Graduate,No,480.0,0.0,Urban,N,7.970394907191429,7.792761720816526,2.3978952727983707,8.578476419833136
Male,No,0,Graduate,No,360.0,1.0,Urban,Y,8.230044310126114,0.0,2.302585092994046,8.230044310126114
Female,No,0,Not Graduate,Yes,360.0,1.0,Rural,Y,7.918992488165245,0.0,2.302585092994046,7.918992488165245
Male,Yes,2,Not Graduate,Yes,360.0,0.0,Rural,N,9.343384145733948,7.67693714581808,2.5649493574615367,9.516353401112688
Female,Yes,0,Graduate,No,180.0,0.0,Rural,N,8.107418811719974,8.469262657658687,2.302585092994046,8.997642078523512
Male,No,1,Graduate,No,360.0,0.0,Urban,N,9.399554785027307,0.0,3.367295829986474,9.399554785027307
Female,Yes,2,Not Graduate,No,360.0,1.0,Urban,Y,8.788593431293735,8.271036865792954,2.8903717578961645,9.255982729854884
Male,No,3+,Graduate,No,360.0,1.0,Semiurban,Y,8.589327789175437,0.0,2.302585092994046,8.589327789175437
Male,Yes,0,Graduate,No,360.0,0.0,Urban,N,8.521384396034705,8.442469645220301,2.302585092994046,9.175748927206563
Female,No,0,Graduate,No,360.0,0.0,Rural,N,8.536407410340042,0.0,2.302585092994046,8.536407410340042
Male,No,0,Not Graduate,No,360.0,1.0,Semiurban,Y,7.143617602704121,0.0,2.302585092994046,7.143617602704121
Male,No,3+,Graduate,No,360.0,1.0,Urban,Y,8.132706489693264,0.0,2.302585092994046,8.132706489693264
Female,Yes,3+,Not Graduate,No,360.0,0.0,Rural,N,8.807172622916703,8.122371243406553,3.1780538303479458,9.215327913487222
Female,No,0,Not Graduate,No,360.0,0.0,Rural,N,8.270781013162674,0.0,2.4849066497880004,8.270781013162674
Male,No,2,Graduate,No,360.0,1.0,Urban,Y,7.4570320891223805,0.0,2.302585092994046,7.4570320891223805
Male,Yes,0,Graduate,No,360.0,1.0,Semiurban,Y,8.268731832117737,6.598509028614515,2.70805020110221,8.440959885416648
Male,No,1,Graduate,No,180.0,1.0,Urban,Y,9.32250766884693,0.0,3.5263605246161616,9.32250766884693
Male,Yes,0,Graduate,No,360.0,1.0,Semiurban,Y,9.048174321385792,7.601901959875166,3.4657359027997265,9.259511415982631
Male,Yes,2,Graduate,No,360.0,1.0,Urban,Y,8.262816937670928,7.0707241072602764,2.302585092994046,8.527737405291909
Male,Yes,0,Graduate,No,360.0,1.0,Semiurban,Y,8.870943863837724,7.59890045687141,2.3978952727983707,9.117896081584902
Male,Yes,2,Graduate,No,360.0,1.0,Rural,Y,8.080237416216702,8.612139668725192,2.302585092994046,9.074176947163311
Male,Yes,2,Not Graduate,No,360.0,1.0,Semiurban,Y,7.277938572945661,7.9868449011613825,2.302585092994046,8.386856689688234
Male,No,1,Graduate,No,360.0,1.0,Urban,Y,7.745435610274381,0.0,2.302585092994046,7.745435610274381
Male,Yes,0,Graduate,No,360.0,0.0,Semiurban,N,9.237760967552175,7.422373700986824,2.833213344056216,9.388486557359657
Male,No,0,Graduate,No,360.0,1.0,Semiurban,Y,8.135639903354386,0.0,2.302585092994046,8.135639903354386
Male,Yes,0,Graduate,No,360.0,1.0,Rural,Y,8.154212694914229,7.229113877793302,2.302585092994046,8.487970332739334
Male,Yes,0,Graduate,No,360.0,0.0,Semiurban,N,8.120291313968561,7.21081845347222,2.302585092994046,8.458504195067558
Male,Yes,0,Graduate,No,360.0,1.0,Urban,Y,9.442483307087192,7.166265974133638,2.6390573296152584,9.54014758947861
Female,No,3+,Graduate,Yes,360.0,1.0,Urban,Y,9.275659838096825,0.0,2.995732273553991,9.275659838096825
Male,Yes,0,Graduate,Yes,360.0,0.0,Rural,N,9.631285050932734,7.4109518755836366,3.713572066704308,9.734299374132137
Male,Yes,0,Graduate,No,360.0,1.0,Urban,Y,8.204671828950811,7.108244139731541,2.70805020110221,8.492695559815838
Male,No,0,Graduate,No,360.0,1.0,Rural,Y,8.477412321404392,0.0,2.70805020110221,8.477412321404392
Male,Yes,0,Graduate,No,360.0,1.0,Urban,Y,7.3901814282264295,8.937087036176523,2.302585092994046,9.129997619293645
Male,Yes,1,Not Graduate,No,360.0,1.0,Urban,Y,9.186252576447092,8.262300941787448,3.4339872044851463,9.520468633257794
Male,Yes,0,Graduate,No,360.0,1.0,Semiurban,Y,7.599401333415815,7.237059026124737,2.302585092994046,8.12740456269308
Male,No,3+,Graduate,No,360.0,1.0,Rural,Y,8.430109084509125,0.0,2.302585092994046,8.430109084509125
Male,Yes,0,Graduate,No,180.0,1.0,Rural,N,7.642044402873258,6.680854678790215,2.302585092994046,7.965545573129992
Male,No,3+,Graduate,No,84.0,1.0,Urban,Y,7.946971357693591,0.0,2.302585092994046,7.946971357693591
Female,Yes,2,Graduate,No,360.0,1.0,Semiurban,Y,7.79770203551669,8.828201089171515,2.302585092994046,9.133243321591216
Male,No,0,Graduate,No,360.0,1.0,Urban,Y,7.9355873855892,0.0,2.302585092994046,7.9355873855892
Male,No,3+,Graduate,No,360.0,1.0,Semiurban,Y,7.976595409316577,0.0,2.302585092994046,7.976595409316577
Male,No,0,Graduate,No,360.0,1.0,Semiurban,Y,7.971085753505607,0.0,2.302585092994046,7.971085753505607
Female,Yes,2,Graduate,No,360.0,1.0,Rural,Y,8.800113946766308,6.565264970035361,2.772588722239781,8.901638932300326
Male,No,0,Graduate,No,360.0,0.0,Rural,N,7.637234388789473,0.0,2.302585092994046,7.637234388789473
Male,Yes,2,Graduate,Yes,360.0,1.0,Semiurban,Y,8.432506383249043,7.592366128519796,2.772588722239781,8.791181936736015
Female,Yes,2,Not Graduate,Yes,360.0,0.0,Semiurban,N,9.030854790001436,7.182352111885263,2.302585092994046,9.176990392294629
Female,Yes,2,Graduate,No,180.0,1.0,Rural,Y,7.992268643270745,7.347299700743164,2.302585092994046,8.413830678421084
Female,No,2,Graduate,Yes,360.0,0.0,Rural,N,7.86940171257709,0.0,2.302585092994046,7.86940171257709
Male,No,0,Graduate,No,360.0,0.0,Urban,N,8.16194579946869,0.0,2.302585092994046,8.16194579946869
Male,No,0,Graduate,No,180.0,1.0,Urban,Y,9.007856923358275,0.0,2.833213344056216,9.007856923358275
Male,Yes,0,Graduate,Yes,360.0,1.0,Semiurban,Y,8.416488487294606,6.7580945044277305,2.302585092994046,8.59062950948942
Male,Yes,0,Graduate,No,360.0,0.0,Urban,N,7.98139158158007,6.9985096422506015,2.302585092994046,8.299037181613066
Male,No,1,Graduate,No,360.0,1.0,Urban,Y,8.59044365315583,0.0,2.302585092994046,8.59044365315583
Male,Yes,0,Graduate,No,84.0,1.0,Urban,Y,7.638679823876112,8.184513753033722,2.302585092994046,8.641355834036661
Female,Yes,3+,Graduate,No,360.0,1.0,Semiurban,Y,8.708969906980947,6.028278520230698,3.1354942159291497,8.775085935057266
Male,Yes,1,Graduate,No,360.0,1.0,Urban,Y,8.545197387825835,8.307705966549513,2.4849066497880004,9.126523885883072
Male,Yes,2,Graduate,Yes,360.0,1.0,Urban,Y,8.11552088154677,8.470520783217808,2.302585092994046,9.001715906761177
Male,Yes,0,Graduate,No,360.0,1.0,Urban,Y,7.796880342783522,7.288927694521257,2.302585092994046,8.267705664762426
Male,Yes,2,Graduate,No,360.0,1.0,Rural,Y,7.768110378525988,5.680172609017068,2.302585092994046,7.884576510596324
Male,Yes,3+,Not Graduate,No,360.0,0.0,Rural,N,8.621012520055235,7.247792581767846,2.4849066497880004,8.846640813100485
Male,Yes,0,Graduate,No,360.0,0.0,Semiurban,N,9.03741453682259,7.455298485683291,2.70805020110221,9.224243277145174
Male,No,1,Graduate,No,480.0,1.0,Semiurban,Y,7.917900586327916,0.0,2.3978952727983707,7.917900586327916
Male,Yes,2,Graduate,No,360.0,1.0,Rural,Y,8.575084669832014,7.13966033596492,2.302585092994046,8.788440957404593
Male,Yes,0,Not Graduate,No,360.0,0.0,Urban,N,7.048386408721883,8.57130251706327,2.302585092994046,8.768418726857403
Male,No,0,Graduate,No,360.0,1.0,Urban,Y,7.949444420250626,0.0,2.302585092994046,7.949444420250626
Female,Yes,0,Graduate,No,360.0,0.0,Urban,N,8.281470857895167,6.853299093186078,2.302585092994046,8.496173824192162
Male,No,0,Graduate,No,480.0,1.0,Urban,Y,7.754481547470383,0.0,2.302585092994046,7.754481547470383
Male,No,0,Graduate,No,360.0,1.0,Semiurban,Y,7.738488122494646,0.0,2.302585092994046,7.738488122494646
Female,Yes,0,Graduate,No,360.0,0.0,Rural,N,7.899524472032198,7.351158226430694,2.302585092994046,8.355379895253634
Male,Yes,0,Graduate,No,360.0,1.0,Semiurban,Y,8.475328987317539,7.847371836159788,2.5649493574615367,8.902863672196222
Female,No,0,Not Graduate,No,360.0,1.0,Semiurban,Y,8.187855443695623,0.0,2.302585092994046,8.187855443695623
Male,No,3+,Graduate,No,360.0,1.0,Rural,Y,6.957497370876951,0.0,2.302585092994046,6.957497370876951
Female,Yes,0,Graduate,No,360.0,1.0,Urban,Y,7.028201432058005,8.854664928370534,2.302585092994046,9.00380808646717
Male,Yes,3+,Not Graduate,No,360.0,1.0,Urban,Y,7.935945103353701,8.070906088787819,2.302585092994046,8.698681067461616
Female,Yes,0,Graduate,No,360.0,0.0,Semiurban,N,8.574707097616844,7.466799475018602,2.302585092994046,8.859931469616097
Male,No,0,Graduate,No,360.0,1.0,Semiurban,Y,6.651571873589727,0.0,2.302585092994046,6.651571873589727
Female,Yes,0,Graduate,No,360.0,1.0,Urban,Y,8.000349495324684,7.25063551189868,2.302585092994046,8.387084506069218
Male,No,0,Graduate,Yes,36.0,1.0,Semiurban,Y,7.984462732262196,0.0,2.302585092994046,7.984462732262196
Male,Yes,0,Graduate,No,360.0,1.0,Semiurban,Y,9.133027268873512,7.061334366910438,3.044522437723423,9.251578279992428
Female,Yes,1,Not Graduate,No,360.0,1.0,Semiurban,Y,8.069029328774958,7.532088143541722,2.3978952727983707,8.52912176228151
Male,Yes,0,Graduate,No,360.0,1.0,Semiurban,Y,8.529911963824013,7.536363938404511,2.302585092994046,8.844768827529695
Male,Yes,1,Graduate,No,360.0,0.0,Urban,N,8.384804003370492,7.149131598557407,2.4849066497880004,8.639764743804419
Male,Yes,1,Graduate,No,360.0,1.0,Urban,Y,7.02197642307216,6.539585955617669,2.302585092994046,7.502186486602924
Male,Yes,0,Not Graduate,No,480.0,1.0,Semiurban,Y,8.761080103868347,7.726212650507529,2.302585092994046,9.06496771896043
Male,Yes,0,Not Graduate,Yes,360.0,1.0,Urban,Y,8.429454277108231,7.457609289715606,2.302585092994046,8.750207862525711
Male,No,2,Not Graduate,No,480.0,1.0,Rural,Y,8.605020901781758,0.0,2.9444389791664403,8.605020901781758
Female,Yes,0,Graduate,No,360.0,1.0,Semiurban,Y,10.655752337579163,7.126890808898808,3.6635616461296463,10.684645610418787
Male,Yes,0,Graduate,No,360.0,1.0,Urban,Y,7.050122520269059,8.354674261918463,2.302585092994046,8.594524534352562
Male,No,3+,Graduate,No,480.0,1.0,Rural,Y,9.33485624667375,0.0,3.1780538303479458,9.33485624667375
Female,No,0,Graduate,No,360.0,1.0,Semiurban,Y,8.127699852817772,0.0,2.4849066497880004,8.127699852817772
Female,No,1,Graduate,Yes,84.0,1.0,Urban,Y,8.472405008626103,0.0,2.302585092994046,8.472405008626103
Male,No,3+,Graduate,No,360.0,1.0,Rural,Y,8.272826003650401,0.0,2.302585092994046,8.272826003650401
Male,Yes,0,Graduate,No,360.0,1.0,Rural,Y,8.045588280803528,7.8328075165248645,2.302585092994046,8.637816633739977
Male,Yes,0,Graduate,No,360.0,1.0,Semiurban,Y,7.958227192322312,6.943122422819428,2.302585092994046,8.267192185932146
Male,No,0,Graduate,No,360.0,1.0,Urban,Y,8.497806477616047,0.0,2.5649493574615367,8.497806477616047
Male,No,0,Graduate,No,360.0,1.0,Semiurban,Y,7.3901814282264295,0.0,2.302585092994046,7.3901814282264295
Male,Yes,0,Graduate,No,360.0,0.0,Rural,N,8.750366278367625,5.950642552587727,2.3978952727983707,8.80926561216931
Male,No,1,Graduate,No,360.0,1.0,Urban,Y,8.050384453067021,0.0,2.302585092994046,8.050384453067021
Male,Yes,0,Graduate,No,360.0,1.0,Urban,Y,7.622174594817622,5.755742213586912,2.302585092994046,7.765569081097317
Female,Yes,0,Graduate,No,360.0,1.0,Rural,Y,8.030084094267563,6.824373670043086,2.302585092994046,8.291797105048735
Female,Yes,3+,Graduate,No,360.0,0.0,Urban,N,9.054388070202297,8.640472207576408,2.302585092994046,9.561771591591862
Male,Yes,2,Graduate,No,360.0,1.0,Rural,Y,7.978996370854115,7.093404625868766,2.302585092994046,8.324093761450404
Male,Yes,1,Graduate,No,360.0,1.0,Semiurban,Y,8.515191188745565,6.678342114654332,2.995732273553991,8.6628507638386
Male,Yes,0,Not Graduate,No,360.0,1.0,Semiurban,Y,7.86172707782398,7.362010551259734,2.3978952727983707,8.335671314792847
Female,No,1,Graduate,No,360.0,1.0,Urban,Y,8.754791763700032,0.0,3.1354942159291497,8.754791763700032
Male,Yes,0,Graduate,No,360.0,1.0,Rural,Y,8.711443319075466,6.218600119691729,2.772588722239781,8.790725628263576
Male,Yes,0,Graduate,No,360.0,1.0,Semiurban,Y,9.409191230721348,6.7650389767805414,3.6109179126442243,9.477768715400696
Female,No,0,Graduate,No,360.0,1.0,Semiurban,Y,8.19478163844336,0.0,2.302585092994046,8.19478163844336
Female,No,2,Graduate,No,300.0,0.0,Semiurban,N,8.701346403039162,0.0,2.833213344056216,8.701346403039162
Female,No,0,Graduate,No,360.0,1.0,Semiurban,Y,8.358900612421644,0.0,2.302585092994046,8.358900612421644
Male,No,0,Not Graduate,No,360.0,1.0,Rural,Y,9.077608659522225,0.0,2.995732273553991,9.077608659522225
Male,No,0,Graduate,No,360.0,1.0,Semiurban,Y,7.869019376499023,0.0,2.302585092994046,7.869019376499023
Male,Yes,0,Not Graduate,No,360.0,1.0,Semiurban,Y,8.747034264178168,8.616133139271142,2.302585092994046,9.376786579611847
Female,Yes,2,Graduate,No,360.0,1.0,Rural,Y,8.183397369998433,7.975564658495202,2.302585092994046,8.77786371462117
Female,Yes,1,Graduate,No,360.0,1.0,Semiurban,Y,8.261526448396468,6.931471805599453,2.70805020110221,8.495969554964612
Male,Yes,2,Not Graduate,No,360.0,1.0,Urban,Y,8.355144739461839,7.466227556215481,2.302585092994046,8.699348067653093
Male,Yes,0,Graduate,No,360.0,1.0,Urban,Y,8.451480648050856,7.388327859577107,2.3978952727983707,8.74798740166097
Male,No,0,Graduate,No,360.0,1.0,Rural,Y,8.23031079913502,0.0,2.6390573296152584,8.23031079913502
Female,Yes,0,Graduate,No,360.0,1.0,Semiurban,Y,8.429017500512511,8.51579221050061,2.5649493574615367,9.166388484447
Female,Yes,0,Graduate,No,480.0,1.0,Semiurban,Y,9.246961555431827,8.115819701211327,3.258096538021482,9.526537012326164
Male,Yes,0,Graduate,Yes,360.0,1.0,Semiurban,Y,8.891374009484636,6.7464121285733745,2.302585092994046,9.001962272862446
Male,No,2,Graduate,No,360.0,1.0,Urban,Y,8.821584877430965,0.0,2.4849066497880004,8.821584877430965
Male,Yes,0,Graduate,Yes,120.0,1.0,Semiurban,Y,8.026823576217629,7.719573989259581,2.3978952727983707,8.577911926450943
Female,No,0,Graduate,No,360.0,1.0,Urban,Y,7.766840537085513,0.0,2.302585092994046,7.766840537085513
Female,Yes,0,Graduate,No,360.0,1.0,Semiurban,Y,8.873187904050106,8.52674740422105,2.833213344056216,9.407960966059306
Female,Yes,0,Graduate,No,360.0,1.0,Semiurban,Y,8.825706773447951,6.7226297948554485,2.302585092994046,8.940760134888384
Male,Yes,0,Graduate,No,60.0,1.0,Semiurban,Y,9.183688340978756,7.475339236566737,2.302585092994046,9.350102314351341
Male,No,3+,Graduate,No,36.0,1.0,Rural,Y,7.937731775260109,0.0,2.302585092994046,7.937731775260109
Male,Yes,2,Graduate,No,360.0,1.0,Rural,Y,8.162516250140179,6.403574197934815,2.302585092994046,8.32117830749028
Male,No,3+,Graduate,No,360.0,1.0,Rural,Y,7.316548177182976,0.0,2.302585092994046,7.316548177182976
Female,Yes,0,Not Graduate,No,360.0,1.0,Urban,Y,8.064636475774222,9.258177701390343,2.302585092994046,9.522885774152654
Female,Yes,0,Graduate,Yes,360.0,1.0,Urban,Y,8.89795568688403,6.212606095751519,3.091042453358316,8.963800242855577
Female,No,0,Graduate,No,360.0,1.0,Semiurban,Y,8.020270472819238,0.0,2.4849066497880004,8.020270472819238
Female,No,0,Graduate,No,480.0,1.0,Rural,Y,8.684401110400144,0.0,2.70805020110221,8.684401110400144
Male,No,2,Graduate,No,360.0,0.0,Rural,N,8.185907481482324,0.0,2.302585092994046,8.185907481482324
Male,No,0,Graduate,No,360.0,1.0,Rural,Y,8.494538500851432,0.0,2.5649493574615367,8.494538500851432
Female,No,0,Not Graduate,No,360.0,1.0,Urban,Y,7.611842399580417,0.0,2.302585092994046,7.611842399580417
Female,No,0,Graduate,No,360.0,1.0,Semiurban,N,8.351138607086154,0.0,2.302585092994046,8.351138607086154
Male,No,0,Not Graduate,No,360.0,0.0,Semiurban,N,6.505784060128229,0.0,2.302585092994046,6.505784060128229
Male,No,1,Not Graduate,Yes,360.0,1.0,Urban,Y,8.188133414510478,0.0,2.302585092994046,8.188133414510478
Male,No,0,Not Graduate,No,300.0,1.0,Urban,Y,7.321849713788356,0.0,2.302585092994046,7.321849713788356
Female,Yes,0,Not Graduate,No,300.0,0.0,Rural,N,9.023649282664286,8.17103418920548,3.1354942159291497,9.37864751738456
Male,No,0,Graduate,No,360.0,0.0,Urban,N,8.766550149546351,0.0,2.302585092994046,8.766550149546351
Male,Yes,0,Graduate,No,180.0,1.0,Urban,Y,8.580167990577626,7.660585461703256,2.302585092994046,8.915566545710647
Male,No,2,Graduate,No,360.0,0.0,Urban,N,9.212637731024866,0.0,2.5649493574615367,9.212637731024866
Male,No,2,Graduate,No,360.0,1.0,Rural,Y,7.731053144007127,0.0,2.302585092994046,7.731053144007127
Male,Yes,3+,Graduate,No,360.0,1.0,Semiurban,Y,9.348448774093812,8.133000218583613,3.6109179126442243,9.608109273449877
Male,No,2,Graduate,No,360.0,1.0,Semiurban,Y,8.859363449152088,0.0,3.044522437723423,8.859363449152088
Male,Yes,0,Graduate,No,480.0,1.0,Rural,Y,8.158229916959494,8.41847721847708,2.302585092994046,8.989818381366925
Male,Yes,1,Graduate,No,360.0,1.0,Semiurban,Y,8.981430225767635,7.724888439323074,2.302585092994046,9.231808278591423
Male,No,0,Graduate,No,360.0,1.0,Semiurban,Y,7.6362696033793735,0.0,2.302585092994046,7.6362696033793735
Male,Yes,0,Graduate,No,360.0,1.0,Urban,Y,7.805474625270857,6.612041034833092,2.302585092994046,8.069968149059841
Female,No,2,Graduate,Yes,360.0,0.0,Urban,N,7.934871565945177,0.0,2.302585092994046,7.934871565945177
Male,No,0,Not Graduate,No,360.0,1.0,Rural,Y,7.982757702011113,0.0,2.302585092994046,7.982757702011113
Male,Yes,3+,Graduate,Yes,360.0,1.0,Rural,Y,7.666221925662725,7.053585727193677,2.302585092994046,8.09894674894334
Female,Yes,0,Graduate,No,360.0,1.0,Semiurban,Y,9.033961124637857,6.92951677076365,2.6390573296152584,9.14889040965996
Male,Yes,1,Graduate,No,360.0,1.0,Semiurban,Y,8.144969417087875,6.754604099487962,2.302585092994046,8.3670677328386
Male,Yes,1,Graduate,No,360.0,0.0,Semiurban,N,8.511577452630602,8.98744678941718,2.302585092994046,9.470625553571013
Male,No,2,Graduate,No,360.0,1.0,Urban,Y,7.957877358489813,0.0,2.4849066497880004,7.957877358489813
Male,Yes,1,Graduate,No,360.0,1.0,Urban,Y,7.2078598714324755,8.844336332748933,2.302585092994046,9.022081222515476
Male,Yes,1,Graduate,No,360.0,1.0,Urban,Y,8.462103225098277,6.645090969505644,2.302585092994046,8.612503371220562
Male,Yes,0,Graduate,No,360.0,1.0,Urban,Y,7.15305163493748,7.550135342488429,2.302585092994046,8.064007347096661
Male,Yes,0,Graduate,No,360.0,1.0,Rural,Y,8.258940462988459,6.595780513961311,2.5649493574615367,8.432288684325792
Male,No,0,Graduate,Yes,360.0,1.0,Urban,Y,7.479299637782834,0.0,2.302585092994046,7.479299637782834
Male,Yes,1,Graduate,No,480.0,0.0,Urban,N,9.49243184611472,6.85751406254539,3.4965075614664802,9.561630845638076
Male,No,0,Graduate,No,360.0,1.0,Semiurban,Y,8.846928500099018,0.0,2.302585092994046,8.846928500099018
Male,Yes,1,Graduate,No,360.0,0.0,Rural,N,8.363575702750637,7.223295679562314,2.302585092994046,8.640825751861511
Male,No,0,Not Graduate,No,240.0,1.0,Urban,Y,9.058237593766226,0.0,2.8903717578961645,9.058237593766226
Male,Yes,0,Graduate,No,360.0,0.0,Urban,N,7.792348924113037,7.9229859587111955,2.302585092994046,8.552753366814787
Female,Yes,1,Graduate,Yes,360.0,1.0,Semiurban,Y,8.62622695244036,9.112617283447568,3.044522437723423,9.591785974240127
Male,No,0,Graduate,No,360.0,0.0,Rural,N,8.420021279663963,0.0,2.302585092994046,8.420021279663963
Male,Yes,0,Graduate,No,360.0,1.0,Semiurban,Y,8.458504195067558,8.38160253710989,2.4849066497880004,9.11382947159534
Male,No,0,Graduate,No,480.0,1.0,Rural,Y,9.063463176115423,0.0,3.4657359027997265,9.063463176115423
Male,No,3+,Graduate,No,360.0,1.0,Rural,Y,8.739536422559677,0.0,2.4849066497880004,8.739536422559677
Male,Yes,1,Not Graduate,No,360.0,1.0,Rural,N,8.473241303887054,8.205218426395412,2.833213344056216,9.041211408968211
Female,Yes,0,Graduate,No,360.0,1.0,Semiurban,Y,7.307202314764738,7.7354333524996886,2.302585092994046,8.236950048061455
Female,No,0,Graduate,No,60.0,1.0,Semiurban,Y,7.724004656676065,0.0,2.302585092994046,7.724004656676065
Male,Yes,0,Graduate,No,84.0,0.0,Urban,N,8.226573474977114,6.923628628138427,2.4849066497880004,8.46674164792014
Female,Yes,2,Graduate,Yes,360.0,1.0,Rural,Y,8.35608503102148,6.996681488176539,2.833213344056216,8.584477938221834
Male,Yes,1,Graduate,No,360.0,1.0,Semiurban,Y,7.622174594817622,8.934982049213234,2.302585092994046,9.173157580848468
Male,Yes,0,Graduate,No,360.0,1.0,Urban,Y,9.74700916569969,7.500529485395295,3.4339872044851463,9.847499042327271
Male,Yes,0,Graduate,No,360.0,1.0,Semiurban,Y,9.209840246934501,8.047509510981422,3.6375861597263857,9.48189306249808
Female,No,0,Graduate,No,360.0,0.0,Urban,N,8.661293535389994,0.0,2.302585092994046,8.661293535389994
Male,No,1,Graduate,Yes,360.0,0.0,Semiurban,N,8.343315881404946,0.0,2.302585092994046,8.343315881404946
Male,No,2,Not Graduate,No,360.0,1.0,Semiurban,Y,8.172729104865471,0.0,2.3978952727983707,8.172729104865471
Male,No,0,Graduate,No,360.0,1.0,Semiurban,N,7.728855823852543,0.0,2.302585092994046,7.728855823852543
Male,Yes,0,Not Graduate,No,36.0,1.0,Rural,Y,8.346642090221199,7.210079628170788,2.772588722239781,8.624791202014256
Male,No,0,Graduate,Yes,360.0,1.0,Urban,Y,8.454679286026995,0.0,2.302585092994046,8.454679286026995
Male,Yes,3+,Not Graduate,No,360.0,1.0,Semiurban,Y,7.555381944240273,7.578145472419466,2.302585092994046,8.259716961021523
Male,Yes,0,Graduate,No,360.0,1.0,Semiurban,Y,8.500657222776137,7.3752557780097545,2.772588722239781,8.781555458546402
Male,Yes,2,Not Graduate,No,36.0,1.0,Semiurban,Y,8.20685642839965,7.777373602657861,2.302585092994046,8.707978826622321
Male,Yes,1,Not Graduate,No,360.0,1.0,Rural,N,7.155396301896734,7.98514393119862,2.302585092994046,8.34687925374656
Male,No,0,Graduate,No,360.0,0.0,Semiurban,N,7.784057002639929,0.0,2.302585092994046,7.784057002639929
Male,No,0,Not Graduate,No,360.0,1.0,Semiurban,Y,8.0519780789023,0.0,2.302585092994046,8.0519780789023
Male,Yes,0,Graduate,No,360.0,1.0,Urban,Y,9.432683603119623,7.301147805856032,3.912023005428146,9.544739031650487
Female,Yes,1,Graduate,No,360.0,0.0,Rural,N,8.634086942887738,8.336390480591552,2.772588722239781,9.189321004752108
Male,No,2,Graduate,No,360.0,1.0,Semiurban,N,7.498869733976931,0.0,2.302585092994046,7.498869733976931
Male,Yes,1,Graduate,No,300.0,0.0,Rural,N,8.591743922680534,6.539585955617669,3.091042453358316,8.712430973476739
Male,Yes,0,Graduate,No,360.0,1.0,Urban,Y,7.372118028337787,7.746300662231439,2.302585092994046,8.269500767180615
Male,Yes,0,Graduate,No,180.0,0.0,Urban,N,8.949624747754216,6.115892125483034,3.258096538021482,9.00663173330058
Male,No,3+,Graduate,No,360.0,1.0,Semiurban,Y,8.017637159908478,0.0,2.302585092994046,8.017637159908478
Male,No,2,Graduate,No,360.0,1.0,Rural,Y,8.244071270295786,0.0,2.6390573296152584,8.244071270295786
Male,Yes,0,Not Graduate,Yes,360.0,1.0,Semiurban,Y,9.09549053029724,6.837332814685591,2.3978952727983707,9.194820560318146
Male,Yes,3+,Graduate,No,360.0,1.0,Rural,Y,7.527793987721444,6.9167150203536085,2.302585092994046,7.96102146588337
Male,No,1,Graduate,No,360.0,1.0,Semiurban,Y,7.462214939768189,0.0,2.302585092994046,7.462214939768189
Male,No,1,Graduate,No,360.0,1.0,Semiurban,Y,7.950149887652018,0.0,2.302585092994046,7.950149887652018
Male,Yes,2,Graduate,Yes,360.0,1.0,Urban,Y,8.923058219545728,7.057897937411856,3.1780538303479458,9.066931788680826
Male,No,2,Graduate,No,360.0,0.0,Rural,N,7.388946097618437,0.0,2.302585092994046,7.388946097618437
Male,Yes,1,Graduate,No,360.0,1.0,Urban,Y,6.601230118728877,7.05617528410041,2.302585092994046,7.546974117516527
Male,Yes,0,Graduate,No,240.0,1.0,Rural,Y,8.029432840581244,7.334981878871814,2.302585092994046,8.434246270595311
Male,No,0,Not Graduate,No,360.0,1.0,Rural,Y,8.631057447565285,0.0,2.8903717578961645,8.631057447565285
Male,Yes,3+,Graduate,Yes,360.0,1.0,Rural,Y,9.020268861722167,7.795234929002173,2.3978952727983707,9.27771860730613
Male,Yes,0,Graduate,No,360.0,1.0,Semiurban,Y,8.022240916806537,7.687080155783135,2.302585092994046,8.561592778712921
Male,Yes,0,Graduate,No,360.0,1.0,Semiurban,Y,8.053251153549096,7.262628600974241,2.302585092994046,8.42704964156327
Male,Yes,0,Graduate,No,360.0,1.0,Rural,Y,8.992433087457218,7.759187438507795,2.8903717578961645,9.248021438943871
